,dt,AverageTemperature,AverageTemperatureUncertainty,City,Country,Latitude,Longitude,yearintcolumn
49859,2012-01-01,7.996,0.204,Abilene,United States,32.95N,100.53W,2012
49871,2013-01-01,6.32,0.267,Abilene,United States,32.95N,100.53W,2013
140284,2012-01-01,-0.3439999999999998,0.41,Akron,United States,40.99N,80.95W,2012
140296,2013-01-01,-1.086,0.22,Akron,United States,40.99N,80.95W,2013
170379,2012-01-01,1.84,0.484,Albuquerque,United States,34.56N,107.03W,2012
170391,2013-01-01,-1.981,0.371,Albuquerque,United States,34.56N,107.03W,2013
190746,2012-01-01,2.382,0.3829999999999999,Alexandria,United States,39.38N,76.99W,2012
190758,2013-01-01,1.842,0.181,Alexandria,United States,39.38N,76.99W,2013
205469,2012-01-01,-0.0409999999999999,0.493,Allentown,United States,40.99N,74.56W,2012
205481,2013-01-01,-0.968,0.29,Allentown,United States,40.99N,74.56W,2013
234006,2012-01-01,6.534,0.314,Amarillo,United States,34.56N,101.19W,2012
234018,2013-01-01,4.14,0.19,Amarillo,United States,34.56N,101.19W,2013
276208,2012-01-01,15.113,0.665,Anaheim,United States,32.95N,117.77W,2012
276220,2013-01-01,13.404000000000002,0.552,Anaheim,United States,32.95N,117.77W,2013
287761,2012-01-01,-22.628,0.863,Anchorage,United States,61.88N,151.13W,2012
287773,2013-01-01,-10.059,0.528,Anchorage,United States,61.88N,151.13W,2013
318175,2012-01-01,-1.44,0.239,Ann Arbor,United States,42.59N,82.91W,2012
318187,2013-01-01,-2.7510000000000003,0.258,Ann Arbor,United States,42.59N,82.91W,2013
336863,2012-01-01,9.993,0.625,Antioch,United States,37.78N,122.03W,2012
336875,2013-01-01,8.32,0.278,Antioch,United States,37.78N,122.03W,2013
403340,2012-01-01,9.359,0.204,Arlington,United States,32.95N,96.70W,2012
403352,2013-01-01,8.597999999999999,0.253,Arlington,United States,32.95N,96.70W,2013
406579,2012-01-01,2.382,0.3829999999999999,Arlington,United States,39.38N,76.99W,2012
406591,2013-01-01,1.842,0.181,Arlington,United States,39.38N,76.99W,2013
419612,2012-01-01,-5.402,0.349,Arvada,United States,39.38N,106.13W,2012
419624,2013-01-01,-8.187999999999999,0.873,Arvada,United States,39.38N,106.13W,2013
469522,2012-01-01,6.7860000000000005,0.301,Atlanta,United States,34.56N,83.68W,2012
469534,2013-01-01,7.817,0.3379999999999999,Atlanta,United States,34.56N,83.68W,2013
484997,2012-01-01,0.7640000000000002,0.4589999999999999,Aurora,United States,39.38N,104.05W,2012
485009,2013-01-01,-2.138,0.305,Aurora,United States,39.38N,104.05W,2013
488236,2012-01-01,-1.106,0.385,Aurora,United States,40.99N,87.34W,2012
488248,2013-01-01,-2.539,0.285,Aurora,United States,40.99N,87.34W,2013
490561,2012-01-01,12.671,0.273,Austin,United States,29.74N,97.85W,2012
490573,2013-01-01,11.667,0.291,Austin,United States,29.74N,97.85W,2013
575415,2012-01-01,8.607999999999999,0.669,Bakersfield,United States,36.17N,119.34W,2012
575427,2013-01-01,6.501,0.425,Bakersfield,United States,36.17N,119.34W,2013
602960,2012-01-01,2.382,0.3829999999999999,Baltimore,United States,39.38N,76.99W,2012
602972,2013-01-01,1.842,0.181,Baltimore,United States,39.38N,76.99W,2013
753045,2012-01-01,15.038,0.514,Baton Rouge,United States,29.74N,90.46W,2012
753057,2013-01-01,13.746,0.467,Baton Rouge,United States,29.74N,90.46W,2013
766667,2012-01-01,14.496,0.467,Beaumont,United States,29.74N,94.15W,2012
766679,2013-01-01,12.703,0.2739999999999999,Beaumont,United States,29.74N,94.15W,2013
811241,2012-01-01,1.338,0.299,Bellevue,United States,47.42N,121.97W,2012
811253,2013-01-01,0.98,0.309,Bellevue,United States,47.42N,121.97W,2013
855321,2012-01-01,9.993,0.625,Berkeley,United States,37.78N,122.03W,2012
855333,2013-01-01,8.32,0.278,Berkeley,United States,37.78N,122.03W,2013
983850,2012-01-01,10.241,0.3279999999999999,Birmingham,United States,32.95N,87.13W,2012
983862,2013-01-01,10.028,0.178,Birmingham,United States,32.95N,87.13W,2013
1058964,2012-01-01,-2.645,0.411,Boston,United States,42.59N,72.00W,2012
1058976,2013-01-01,-4.14,0.355,Boston,United States,42.59N,72.00W,2013
1136845,2012-01-01,2.603,0.409,Bridgeport,United States,40.99N,72.43W,2012
1136857,2013-01-01,0.939,0.153,Bridgeport,United States,40.99N,72.43W,2013
1154782,2012-01-01,19.08,0.564,Brownsville,United States,26.52N,96.72W,2012
1154794,2013-01-01,17.503999999999998,0.205,Brownsville,United States,26.52N,96.72W,2013
1184610,2012-01-01,-1.892,0.415,Buffalo,United States,42.59N,78.55W,2012
1184622,2013-01-01,-2.211,0.352,Buffalo,United States,42.59N,78.55W,2013
1212360,2012-01-01,11.581,0.6940000000000001,Burbank,United States,34.56N,118.70W,2012
1212372,2013-01-01,8.812999999999999,0.6509999999999999,Burbank,United States,34.56N,118.70W,2013
1326879,2012-01-01,-2.645,0.411,Cambridge,United States,42.59N,72.00W,2012
1326891,2013-01-01,-4.14,0.355,Cambridge,United States,42.59N,72.00W,2013
1356327,2012-01-01,18.88000000000001,0.479,Cape Coral,United States,26.52N,82.39W,2012
1356339,2013-01-01,21.659,0.389,Cape Coral,United States,26.52N,82.39W,2013
1381688,2012-01-01,9.359,0.204,Carrollton,United States,32.95N,96.70W,2012
1381700,2013-01-01,8.597999999999999,0.253,Carrollton,United States,32.95N,96.70W,2013
1394889,2012-01-01,5.916,0.414,Cary,United States,36.17N,79.56W,2012
1394901,2013-01-01,5.791,0.3339999999999999,Cary,United States,36.17N,79.56W,2013
1425126,2012-01-01,-3.902,0.439,Cedar Rapids,United States,42.59N,91.64W,2012
1425138,2013-01-01,-5.855,0.385,Cedar Rapids,United States,42.59N,91.64W,2013
1444142,2012-01-01,12.406,0.19,Chandler,United States,32.95N,112.02W,2012
1444154,2013-01-01,9.58,0.29,Chandler,United States,32.95N,112.02W,2013
1475559,2012-01-01,12.433,0.515,Charleston,United States,32.95N,79.47W,2012
1475571,2013-01-01,13.445,0.305,Charleston,United States,32.95N,79.47W,2013
1478798,2012-01-01,7.911,0.29,Charlotte,United States,34.56N,81.73W,2012
1478810,2013-01-01,8.677999999999999,0.282,Charlotte,United States,34.56N,81.73W,2013
1484650,2012-01-01,7.43,0.3429999999999999,Chattanooga,United States,34.56N,85.62W,2012
1484662,2013-01-01,7.215,0.287,Chattanooga,United States,34.56N,85.62W,2013
1530852,2012-01-01,9.07,0.4529999999999999,Chesapeake,United States,36.17N,75.58W,2012
1530864,2013-01-01,8.081,0.428,Chesapeake,United States,36.17N,75.58W,2013
1546566,2012-01-01,2.6700000000000004,0.727,Chicago,United States,42.59N,87.27W,2012
1546578,2013-01-01,1.056,0.528,Chicago,United States,42.59N,87.27W,2013
1609775,2012-01-01,15.113,0.665,Chula Vista,United States,32.95N,117.77W,2012
1609787,2013-01-01,13.404000000000002,0.552,Chula Vista,United States,32.95N,117.77W,2013
1660219,2012-01-01,1.023,0.386,Cincinnati,United States,39.38N,85.32W,2012
1660231,2013-01-01,-0.254,0.243,Cincinnati,United States,39.38N,85.32W,2013
1686012,2012-01-01,6.0950000000000015,0.362,Clarksville,United States,36.17N,87.51W,2012
1686024,2013-01-01,4.823,0.36,Clarksville,United States,36.17N,87.51W,2013
1689251,2012-01-01,16.619,0.316,Clearwater,United States,28.13N,82.73W,2012
1689263,2013-01-01,19.375,0.318,Clearwater,United States,28.13N,82.73W,2013
1695729,2012-01-01,-0.3439999999999998,0.41,Cleveland,United States,40.99N,80.95W,2012
1695741,2013-01-01,-1.086,0.22,Cleveland,United States,40.99N,80.95W,2013
1726942,2012-01-01,0.7640000000000002,0.4589999999999999,Colorado Springs,United States,39.38N,104.05W,2012
1726954,2013-01-01,-2.138,0.305,Colorado Springs,United States,39.38N,104.05W,2013
1730181,2012-01-01,7.911,0.29,Columbia,United States,34.56N,81.73W,2012
1730193,2013-01-01,8.677999999999999,0.282,Columbia,United States,34.56N,81.73W,2013
1733420,2012-01-01,9.603,0.2769999999999999,Columbus,United States,32.95N,85.21W,2012
1733432,2013-01-01,10.762,0.482,Columbus,United States,32.95N,85.21W,2013
1736659,2012-01-01,1.4449999999999998,0.296,Columbus,United States,39.38N,83.24W,2012
1736671,2013-01-01,0.536,0.257,Columbus,United States,39.38N,83.24W,2013
1744407,2012-01-01,9.993,0.625,Concord,United States,37.78N,122.03W,2012
1744419,2013-01-01,8.32,0.278,Concord,United States,37.78N,122.03W,2013
1767426,2012-01-01,17.820999999999994,0.296,Coral Springs,United States,26.52N,80.60W,2012
1767438,2013-01-01,20.774,0.144,Coral Springs,United States,26.52N,80.60W,2013
1776820,2012-01-01,15.113,0.665,Corona,United States,32.95N,117.77W,2012
1776832,2013-01-01,13.404000000000002,0.552,Corona,United States,32.95N,117.77W,2013
1781326,2012-01-01,15.542,0.296,Corpus Christi,United States,28.13N,97.27W,2012
1781338,2013-01-01,13.921,0.364,Corpus Christi,United States,28.13N,97.27W,2013
1785484,2012-01-01,15.113,0.665,Costa Mesa,United States,32.95N,117.77W,2012
1785496,2013-01-01,13.404000000000002,0.552,Costa Mesa,United States,32.95N,117.77W,2013
1875517,2012-01-01,9.359,0.204,Dallas,United States,32.95N,96.70W,2012
1875529,2013-01-01,8.597999999999999,0.253,Dallas,United States,32.95N,96.70W,2013
1923402,2012-01-01,1.4449999999999998,0.296,Dayton,United States,39.38N,83.24W,2012
1923414,2013-01-01,0.536,0.257,Dayton,United States,39.38N,83.24W,2013
1953563,2012-01-01,9.359,0.204,Denton,United States,32.95N,96.70W,2012
1953575,2013-01-01,8.597999999999999,0.253,Denton,United States,32.95N,96.70W,2013
1956425,2012-01-01,0.7640000000000002,0.4589999999999999,Denver,United States,39.38N,104.05W,2012
1956437,2013-01-01,-2.138,0.305,Denver,United States,39.38N,104.05W,2013
1977593,2012-01-01,-0.8920000000000003,0.377,Des Moines,United States,40.99N,93.73W,2012
1977605,2013-01-01,-2.8480000000000003,0.292,Des Moines,United States,40.99N,93.73W,2013
1982797,2012-01-01,-1.44,0.239,Detroit,United States,42.59N,82.91W,2012
1982809,2013-01-01,-2.7510000000000003,0.258,Detroit,United States,42.59N,82.91W,2013
2077860,2012-01-01,11.581,0.6940000000000001,Downey,United States,34.56N,118.70W,2012
2077872,2013-01-01,8.812999999999999,0.6509999999999999,Downey,United States,34.56N,118.70W,2013
2127568,2012-01-01,5.916,0.414,Durham,United States,36.17N,79.56W,2012
2127580,2013-01-01,5.791,0.3339999999999999,Durham,United States,36.17N,79.56W,2013
2140085,2012-01-01,11.581,0.6940000000000001,East Los Angeles,United States,34.56N,118.70W,2012
2140097,2013-01-01,8.812999999999999,0.6509999999999999,East Los Angeles,United States,34.56N,118.70W,2013
2166309,2012-01-01,-0.0409999999999999,0.493,Edison,United States,40.99N,74.56W,2012
2166321,2013-01-01,-0.968,0.29,Edison,United States,40.99N,74.56W,2013
2188386,2012-01-01,11.581,0.6940000000000001,El Monte,United States,34.56N,118.70W,2012
2188398,2013-01-01,8.812999999999999,0.6509999999999999,El Monte,United States,34.56N,118.70W,2013
2190647,2012-01-01,7.0710000000000015,0.375,El Paso,United States,31.35N,105.55W,2012
2190659,2013-01-01,4.365,0.379,El Paso,United States,31.35N,105.55W,2013
2212950,2012-01-01,-0.0409999999999999,0.493,Elizabeth,United States,40.99N,74.56W,2012
2212962,2013-01-01,-0.968,0.29,Elizabeth,United States,40.99N,74.56W,2013
2252373,2012-01-01,15.113,0.665,Escondido,United States,32.95N,117.77W,2012
2252385,2013-01-01,13.404000000000002,0.552,Escondido,United States,32.95N,117.77W,2013
2281782,2012-01-01,4.35,0.451,Eugene,United States,44.20N,122.98W,2012
2281794,2013-01-01,2.58,0.5489999999999999,Eugene,United States,44.20N,122.98W,2013
2285021,2012-01-01,3.782,0.337,Evansville,United States,37.78N,87.46W,2012
2285033,2013-01-01,2.439,0.275,Evansville,United States,37.78N,87.46W,2013
2295549,2012-01-01,9.993,0.625,Fairfield,United States,37.78N,122.03W,2012
2295561,2013-01-01,8.32,0.278,Fairfield,United States,37.78N,122.03W,2013
2314224,2012-01-01,8.405000000000001,0.368,Fayetteville,United States,34.56N,79.78W,2012
2314236,2013-01-01,8.905000000000003,0.34,Fayetteville,United States,34.56N,79.78W,2013
2342365,2012-01-01,-1.44,0.239,Flint,United States,42.59N,82.91W,2012
2342377,2013-01-01,-2.7510000000000003,0.258,Flint,United States,42.59N,82.91W,2013
2360449,2012-01-01,10.093,0.38,Fontana,United States,34.56N,116.76W,2012
2360461,2013-01-01,6.757000000000001,0.3979999999999999,Fontana,United States,34.56N,116.76W,2013
2368810,2012-01-01,0.375,0.372,Fort Collins,United States,40.99N,104.38W,2012
2368822,2013-01-01,-2.154,0.42,Fort Collins,United States,40.99N,104.38W,2013
2371877,2012-01-01,17.820999999999994,0.296,Fort Lauderdale,United States,26.52N,80.60W,2012
2371889,2013-01-01,20.774,0.144,Fort Lauderdale,United States,26.52N,80.60W,2013
2375116,2012-01-01,-0.9259999999999996,0.288,Fort Wayne,United States,40.99N,85.21W,2012
2375128,2013-01-01,-2.051,0.214,Fort Wayne,United States,40.99N,85.21W,2013
2377441,2012-01-01,9.359,0.204,Fort Worth,United States,32.95N,96.70W,2012
2377453,2013-01-01,8.597999999999999,0.253,Fort Worth,United States,32.95N,96.70W,2013
2400707,2012-01-01,9.993,0.625,Fremont,United States,37.78N,122.03W,2012
2400719,2013-01-01,8.32,0.278,Fremont,United States,37.78N,122.03W,2013
2404829,2012-01-01,8.607999999999999,0.669,Fresno,United States,36.17N,119.34W,2012
2404841,2013-01-01,6.501,0.425,Fresno,United States,36.17N,119.34W,2013
2428378,2012-01-01,15.113,0.665,Fullerton,United States,32.95N,117.77W,2012
2428390,2013-01-01,13.404000000000002,0.552,Fullerton,United States,32.95N,117.77W,2013
2461624,2012-01-01,13.716,0.313,Gainesville,United States,29.74N,83.08W,2012
2461636,2013-01-01,16.127,0.352,Gainesville,United States,29.74N,83.08W,2013
2490040,2012-01-01,15.113,0.665,Garden Grove,United States,32.95N,117.77W,2012
2490052,2013-01-01,13.404000000000002,0.552,Garden Grove,United States,32.95N,117.77W,2013
2494534,2012-01-01,9.359,0.204,Garland,United States,32.95N,96.70W,2012
2494546,2013-01-01,8.597999999999999,0.253,Garland,United States,32.95N,96.70W,2013
2569300,2012-01-01,12.406,0.19,Gilbert,United States,32.95N,112.02W,2012
2569312,2013-01-01,9.58,0.29,Gilbert,United States,32.95N,112.02W,2013
2591415,2012-01-01,12.406,0.19,Glendale,United States,32.95N,112.02W,2012
2591427,2013-01-01,9.58,0.29,Glendale,United States,32.95N,112.02W,2013
2593392,2012-01-01,11.581,0.6940000000000001,Glendale,United States,34.56N,118.70W,2012
2593404,2013-01-01,8.812999999999999,0.6509999999999999,Glendale,United States,34.56N,118.70W,2013
2645540,2012-01-01,9.359,0.204,Grand Prairie,United States,32.95N,96.70W,2012
2645552,2013-01-01,8.597999999999999,0.253,Grand Prairie,United States,32.95N,96.70W,2013
2648779,2012-01-01,-1.763,0.412,Grand Rapids,United States,42.59N,85.09W,2012
2648791,2013-01-01,-2.77,0.1969999999999999,Grand Rapids,United States,42.59N,85.09W,2013
2657438,2012-01-01,-2.0680000000000005,0.557,Green Bay,United States,44.20N,87.20W,2012
2657450,2013-01-01,-3.94,0.408,Green Bay,United States,44.20N,87.20W,2013
2660677,2012-01-01,5.916,0.414,Greensboro,United States,36.17N,79.56W,2012
2660689,2013-01-01,5.791,0.3339999999999999,Greensboro,United States,36.17N,79.56W,2013
2854161,2012-01-01,9.07,0.4529999999999999,Hampton,United States,36.17N,75.58W,2012
2854173,2013-01-01,8.081,0.428,Hampton,United States,36.17N,75.58W,2013
2892659,2012-01-01,2.603,0.409,Hartford,United States,40.99N,72.43W,2012
2892671,2013-01-01,0.939,0.153,Hartford,United States,40.99N,72.43W,2013
2902233,2012-01-01,9.993,0.625,Hayward,United States,37.78N,122.03W,2012
2902245,2013-01-01,8.32,0.278,Hayward,United States,37.78N,122.03W,2013
2925630,2012-01-01,8.055,0.53,Henderson,United States,36.17N,115.36W,2012
2925642,2013-01-01,5.335,0.291,Henderson,United States,36.17N,115.36W,2013
2947495,2012-01-01,17.820999999999994,0.296,Hialeah,United States,26.52N,80.60W,2012
2947507,2013-01-01,20.774,0.144,Hialeah,United States,26.52N,80.60W,2013
2952634,2012-01-01,0.7640000000000002,0.4589999999999999,Highlands Ranch,United States,39.38N,104.05W,2012
2952646,2013-01-01,-2.138,0.305,Highlands Ranch,United States,39.38N,104.05W,2013
2991376,2012-01-01,17.820999999999994,0.296,Hollywood,United States,26.52N,80.60W,2012
2991388,2013-01-01,20.774,0.144,Hollywood,United States,26.52N,80.60W,2013
3018134,2012-01-01,14.181,0.2689999999999999,Houston,United States,29.74N,96.00W,2012
3018146,2013-01-01,12.55,0.447,Houston,United States,29.74N,96.00W,2013
3078033,2012-01-01,15.113,0.665,Huntington Beach,United States,32.95N,117.77W,2012
3078045,2013-01-01,13.404000000000002,0.552,Huntington Beach,United States,32.95N,117.77W,2013
3081272,2012-01-01,7.43,0.3429999999999999,Huntsville,United States,34.56N,85.62W,2012
3081284,2013-01-01,7.215,0.287,Huntsville,United States,34.56N,85.62W,2013
3176002,2012-01-01,1.484,0.326,Independence,United States,39.38N,93.64W,2012
3176014,2013-01-01,-0.0910000000000002,0.318,Independence,United States,39.38N,93.64W,2013
3179241,2012-01-01,1.023,0.386,Indianapolis,United States,39.38N,85.32W,2012
3179253,2013-01-01,-0.254,0.243,Indianapolis,United States,39.38N,85.32W,2013
3189335,2012-01-01,11.581,0.6940000000000001,Inglewood,United States,34.56N,118.70W,2012
3189347,2013-01-01,8.812999999999999,0.6509999999999999,Inglewood,United States,34.56N,118.70W,2013
3232086,2012-01-01,15.113,0.665,Irvine,United States,32.95N,117.77W,2012
3232098,2013-01-01,13.404000000000002,0.552,Irvine,United States,32.95N,117.77W,2013
3234411,2012-01-01,9.359,0.204,Irving,United States,32.95N,96.70W,2012
3234423,2013-01-01,8.597999999999999,0.253,Irving,United States,32.95N,96.70W,2013
3327070,2012-01-01,10.626,0.322,Jackson,United States,32.95N,90.96W,2012
3327082,2013-01-01,9.179,0.322,Jackson,United States,32.95N,90.96W,2013
3330309,2012-01-01,15.352,0.349,Jacksonville,United States,29.74N,81.23W,2012
3330321,2013-01-01,18.07,0.251,Jacksonville,United States,29.74N,81.23W,2013
3398778,2012-01-01,-0.0409999999999999,0.493,Jersey City,United States,40.99N,74.56W,2012
3398790,2013-01-01,-0.968,0.29,Jersey City,United States,40.99N,74.56W,2013
3511115,2012-01-01,-1.106,0.385,Joliet,United States,40.99N,87.34W,2012
3511127,2013-01-01,-2.539,0.285,Joliet,United States,40.99N,87.34W,2013
3633994,2012-01-01,1.484,0.326,Kansas City,United States,39.38N,93.64W,2012
3634006,2013-01-01,-0.0910000000000002,0.318,Kansas City,United States,39.38N,93.64W,2013
3828632,2012-01-01,10.494000000000002,0.228,Killeen,United States,31.35N,98.01W,2012
3828644,2013-01-01,9.555,0.301,Killeen,United States,31.35N,98.01W,2013
3897582,2012-01-01,4.648,0.285,Knoxville,United States,36.17N,83.54W,2012
3897594,2013-01-01,4.6560000000000015,0.631,Knoxville,United States,36.17N,83.54W,2013
4096607,2012-01-01,15.12,0.421,Lafayette,United States,29.74N,92.31W,2012
4096619,2013-01-01,13.67,0.425,Lafayette,United States,29.74N,92.31W,2013
4116207,2012-01-01,0.7640000000000002,0.4589999999999999,Lakewood,United States,39.38N,104.05W,2012
4116219,2013-01-01,-2.138,0.305,Lakewood,United States,39.38N,104.05W,2013
4133188,2012-01-01,11.581,0.6940000000000001,Lancaster,United States,34.56N,118.70W,2012
4133200,2013-01-01,8.812999999999999,0.6509999999999999,Lancaster,United States,34.56N,118.70W,2013
4138745,2012-01-01,-1.763,0.412,Lansing,United States,42.59N,85.09W,2012
4138757,2013-01-01,-2.77,0.1969999999999999,Lansing,United States,42.59N,85.09W,2013
4149435,2012-01-01,14.36,0.521,Laredo,United States,28.13N,99.09W,2012
4149447,2013-01-01,13.734000000000002,0.319,Laredo,United States,28.13N,99.09W,2013
4158961,2012-01-01,8.055,0.53,Las Vegas,United States,36.17N,115.36W,2012
4158973,2013-01-01,5.335,0.291,Las Vegas,United States,36.17N,115.36W,2013
4236157,2012-01-01,3.742,0.33,Lexington Fayette,United States,37.78N,85.42W,2012
4236169,2013-01-01,2.777,0.2019999999999999,Lexington Fayette,United States,37.78N,85.42W,2013
4273410,2012-01-01,-0.6729999999999999,0.45,Lincoln,United States,40.99N,95.86W,2012
4273422,2013-01-01,-3.213,0.4029999999999999,Lincoln,United States,40.99N,95.86W,2013
4305661,2012-01-01,7.877999999999999,0.211,Little Rock,United States,34.56N,91.46W,2012
4305673,2013-01-01,6.409000000000002,0.204,Little Rock,United States,34.56N,91.46W,2013
4341026,2012-01-01,15.113,0.665,Long Beach,United States,32.95N,117.77W,2012
4341038,2013-01-01,13.404000000000002,0.552,Long Beach,United States,32.95N,117.77W,2013
4358704,2012-01-01,11.581,0.6940000000000001,Los Angeles,United States,34.56N,118.70W,2012
4358716,2013-01-01,8.812999999999999,0.6509999999999999,Los Angeles,United States,34.56N,118.70W,2013
4372557,2012-01-01,3.742,0.33,Louisville,United States,37.78N,85.42W,2012
4372569,2013-01-01,2.777,0.2019999999999999,Louisville,United States,37.78N,85.42W,2013
4377689,2012-01-01,-2.645,0.411,Lowell,United States,42.59N,72.00W,2012
4377701,2013-01-01,-4.14,0.355,Lowell,United States,42.59N,72.00W,2013
4392070,2012-01-01,7.005000000000001,0.315,Lubbock,United States,32.95N,102.45W,2012
4392082,2013-01-01,5.0760000000000005,0.252,Lubbock,United States,32.95N,102.45W,2013
4495802,2012-01-01,-3.686,0.509,Madison,United States,42.59N,89.45W,2012
4495814,2013-01-01,-5.452000000000001,0.261,Madison,United States,42.59N,89.45W,2013
4594582,2012-01-01,-2.645,0.411,Manchester,United States,42.59N,72.00W,2012
4594594,2013-01-01,-4.14,0.355,Manchester,United States,42.59N,72.00W,2013
4764061,2012-01-01,8.261000000000001,0.3229999999999999,Memphis,United States,34.56N,89.51W,2012
4764073,2013-01-01,6.944000000000001,0.267,Memphis,United States,34.56N,89.51W,2013
4777502,2012-01-01,12.406,0.19,Mesa,United States,32.95N,112.02W,2012
4777514,2013-01-01,9.58,0.29,Mesa,United States,32.95N,112.02W,2013
4779827,2012-01-01,9.359,0.204,Mesquite,United States,32.95N,96.70W,2012
4779839,2013-01-01,8.597999999999999,0.253,Mesquite,United States,32.95N,96.70W,2013
4786133,2012-01-01,15.038,0.514,Metairie,United States,29.74N,90.46W,2012
4786145,2013-01-01,13.746,0.467,Metairie,United States,29.74N,90.46W,2013
4805314,2012-01-01,17.820999999999994,0.296,Miami,United States,26.52N,80.60W,2012
4805326,2013-01-01,20.774,0.144,Miami,United States,26.52N,80.60W,2013
4827930,2012-01-01,2.6700000000000004,0.727,Milwaukee,United States,42.59N,87.27W,2012
4827942,2013-01-01,1.056,0.528,Milwaukee,United States,42.59N,87.27W,2013
4839581,2012-01-01,-7.0920000000000005,0.332,Minneapolis,United States,45.81N,93.46W,2012
4839593,2013-01-01,-10.73,0.33,Minneapolis,United States,45.81N,93.46W,2013
4845887,2012-01-01,17.820999999999994,0.296,Miramar,United States,26.52N,80.60W,2012
4845899,2013-01-01,20.774,0.144,Miramar,United States,26.52N,80.60W,2013
4873214,2012-01-01,12.403,0.417,Mobile,United States,31.35N,88.59W,2012
4873226,2013-01-01,11.824000000000002,0.2019999999999999,Mobile,United States,31.35N,88.59W,2013
4880323,2012-01-01,6.318,0.4679999999999999,Modesto,United States,37.78N,120.00W,2012
4880335,2013-01-01,3.579,0.353,Modesto,United States,37.78N,120.00W,2013
4914608,2012-01-01,10.241,0.3279999999999999,Montgomery,United States,32.95N,87.13W,2012
4914620,2013-01-01,10.028,0.178,Montgomery,United States,32.95N,87.13W,2013
4940876,2012-01-01,10.093,0.38,Moreno Valley,United States,34.56N,116.76W,2012
4940888,2013-01-01,6.757000000000001,0.3979999999999999,Moreno Valley,United States,34.56N,116.76W,2013
5122362,2012-01-01,-1.106,0.385,Naperville,United States,40.99N,87.34W,2012
5122374,2013-01-01,-2.539,0.285,Naperville,United States,40.99N,87.34W,2013
5138116,2012-01-01,6.0950000000000015,0.362,Nashville,United States,36.17N,87.51W,2012
5138128,2013-01-01,4.823,0.36,Nashville,United States,36.17N,87.51W,2013
5200885,2012-01-01,2.603,0.409,New Haven,United States,40.99N,72.43W,2012
5200897,2013-01-01,0.939,0.153,New Haven,United States,40.99N,72.43W,2013
5203952,2012-01-01,15.038,0.514,New Orleans,United States,29.74N,90.46W,2012
5203964,2013-01-01,13.746,0.467,New Orleans,United States,29.74N,90.46W,2013
5207191,2012-01-01,-0.0409999999999999,0.493,New York,United States,40.99N,74.56W,2012
5207203,2013-01-01,-0.968,0.29,New York,United States,40.99N,74.56W,2013
5210430,2012-01-01,-0.0409999999999999,0.493,Newark,United States,40.99N,74.56W,2012
5210442,2013-01-01,-0.968,0.29,Newark,United States,40.99N,74.56W,2013
5224101,2012-01-01,4.87,0.379,Newport News,United States,37.78N,77.29W,2012
5224113,2013-01-01,4.049,0.314,Newport News,United States,37.78N,77.29W,2013
5297868,2012-01-01,11.140999999999998,0.32,Nogales,United States,31.35N,111.20W,2012
5297880,2013-01-01,7.763999999999999,0.409,Nogales,United States,31.35N,111.20W,2013
5306717,2012-01-01,9.07,0.4529999999999999,Norfolk,United States,36.17N,75.58W,2012
5306729,2013-01-01,8.081,0.428,Norfolk,United States,36.17N,75.58W,2013
5311897,2012-01-01,7.725,0.3379999999999999,Norman,United States,34.56N,97.30W,2012
5311909,2013-01-01,6.381,0.313,Norman,United States,34.56N,97.30W,2013
5314042,2012-01-01,8.055,0.53,North Las Vegas,United States,36.17N,115.36W,2012
5314054,2013-01-01,5.335,0.291,North Las Vegas,United States,36.17N,115.36W,2013
5321187,2012-01-01,11.581,0.6940000000000001,Norwalk,United States,34.56N,118.70W,2012
5321199,2013-01-01,8.812999999999999,0.6509999999999999,Norwalk,United States,34.56N,118.70W,2013
5371540,2012-01-01,14.36,0.521,Nuevo Laredo,United States,28.13N,99.09W,2012
5371552,2013-01-01,13.734000000000002,0.319,Nuevo Laredo,United States,28.13N,99.09W,2013
5386418,2012-01-01,9.993,0.625,Oakland,United States,37.78N,122.03W,2012
5386430,2013-01-01,8.32,0.278,Oakland,United States,37.78N,122.03W,2013
5405062,2012-01-01,15.113,0.665,Oceanside,United States,32.95N,117.77W,2012
5405074,2013-01-01,13.404000000000002,0.552,Oceanside,United States,32.95N,117.77W,2013
5435558,2012-01-01,5.621,0.35,Oklahoma City,United States,36.17N,97.46W,2012
5435570,2013-01-01,4.25,0.293,Oklahoma City,United States,36.17N,97.46W,2013
5443757,2012-01-01,1.7119999999999995,0.347,Olathe,United States,39.38N,95.72W,2012
5443769,2013-01-01,-0.1619999999999999,0.41,Olathe,United States,39.38N,95.72W,2013
5463758,2012-01-01,-0.6729999999999999,0.45,Omaha,United States,40.99N,95.86W,2012
5463770,2013-01-01,-3.213,0.4029999999999999,Omaha,United States,40.99N,95.86W,2013
5478653,2012-01-01,10.093,0.38,Ontario,United States,34.56N,116.76W,2012
5478665,2013-01-01,6.757000000000001,0.3979999999999999,Ontario,United States,34.56N,116.76W,2013
5494853,2012-01-01,15.113,0.665,Orange,United States,32.95N,117.77W,2012
5494865,2013-01-01,13.404000000000002,0.552,Orange,United States,32.95N,117.77W,2013
5511403,2012-01-01,16.512999999999998,0.365,Orlando,United States,28.13N,80.91W,2012
5511415,2013-01-01,19.27,0.27,Orlando,United States,28.13N,80.91W,2013
5562952,2012-01-01,1.484,0.326,Overland Park,United States,39.38N,93.64W,2012
5562964,2013-01-01,-0.0910000000000002,0.318,Overland Park,United States,39.38N,93.64W,2013
5575193,2012-01-01,11.581,0.6940000000000001,Oxnard,United States,34.56N,118.70W,2012
5575205,2013-01-01,8.812999999999999,0.6509999999999999,Oxnard,United States,34.56N,118.70W,2013
5648923,2012-01-01,11.581,0.6940000000000001,Palmdale,United States,34.56N,118.70W,2012
5648935,2013-01-01,8.812999999999999,0.6509999999999999,Palmdale,United States,34.56N,118.70W,2013
5688309,2012-01-01,8.055,0.53,Paradise,United States,36.17N,115.36W,2012
5688321,2013-01-01,5.335,0.291,Paradise,United States,36.17N,115.36W,2013
5716764,2012-01-01,14.181,0.2689999999999999,Pasadena,United States,29.74N,96.00W,2012
5716776,2013-01-01,12.55,0.447,Pasadena,United States,29.74N,96.00W,2013
5718741,2012-01-01,11.581,0.6940000000000001,Pasadena,United States,34.56N,118.70W,2012
5718753,2013-01-01,8.812999999999999,0.6509999999999999,Pasadena,United States,34.56N,118.70W,2013
5739839,2012-01-01,-0.0409999999999999,0.493,Paterson,United States,40.99N,74.56W,2012
5739851,2013-01-01,-0.968,0.29,Paterson,United States,40.99N,74.56W,2013
5778125,2012-01-01,17.820999999999994,0.296,Pembroke Pines,United States,26.52N,80.60W,2012
5778137,2013-01-01,20.774,0.144,Pembroke Pines,United States,26.52N,80.60W,2013
5783509,2012-01-01,12.406,0.19,Peoria,United States,32.95N,112.02W,2012
5783521,2013-01-01,9.58,0.29,Peoria,United States,32.95N,112.02W,2013
5786748,2012-01-01,-1.226,0.465,Peoria,United States,40.99N,89.47W,2012
5786760,2013-01-01,-2.8310000000000004,0.291,Peoria,United States,40.99N,89.47W,2013
5849427,2012-01-01,3.508,0.441,Philadelphia,United States,39.38N,74.91W,2012
5849439,2013-01-01,2.252,0.196,Philadelphia,United States,39.38N,74.91W,2013
5856208,2012-01-01,12.406,0.19,Phoenix,United States,32.95N,112.02W,2012
5856220,2013-01-01,9.58,0.29,Phoenix,United States,32.95N,112.02W,2013
5904055,2012-01-01,-0.3439999999999998,0.41,Pittsburgh,United States,40.99N,80.95W,2012
5904067,2013-01-01,-1.086,0.22,Pittsburgh,United States,40.99N,80.95W,2013
5910236,2012-01-01,9.359,0.204,Plano,United States,32.95N,96.70W,2012
5910248,2013-01-01,8.597999999999999,0.253,Plano,United States,32.95N,96.70W,2013
5950604,2012-01-01,11.581,0.6940000000000001,Pomona,United States,34.56N,118.70W,2012
5950616,2013-01-01,8.812999999999999,0.6509999999999999,Pomona,United States,34.56N,118.70W,2013
5988990,2012-01-01,17.820999999999994,0.296,Port Saint Lucie,United States,26.52N,80.60W,2012
5989002,2013-01-01,20.774,0.144,Port Saint Lucie,United States,26.52N,80.60W,2013
5991219,2012-01-01,4.391,0.325,Portland,United States,45.81N,123.46W,2012
5991231,2013-01-01,3.0860000000000003,0.507,Portland,United States,45.81N,123.46W,2013
6057913,2012-01-01,-2.645,0.411,Providence,United States,42.59N,72.00W,2012
6057925,2013-01-01,-4.14,0.355,Providence,United States,42.59N,72.00W,2013
6060142,2012-01-01,-0.4220000000000001,0.405,Provo,United States,39.38N,112.37W,2012
6060154,2013-01-01,-7.446000000000001,2.507,Provo,United States,39.38N,112.37W,2013
6072055,2012-01-01,1.5770000000000002,0.3389999999999999,Pueblo,United States,37.78N,103.73W,2012
6072067,2013-01-01,-1.044,0.246,Pueblo,United States,37.78N,103.73W,2013
6234325,2012-01-01,5.916,0.414,Raleigh,United States,36.17N,79.56W,2012
6234337,2013-01-01,5.791,0.3339999999999999,Raleigh,United States,36.17N,79.56W,2013
6251393,2012-01-01,10.093,0.38,Rancho Cucamonga,United States,34.56N,116.76W,2012
6251405,2013-01-01,6.757000000000001,0.3979999999999999,Rancho Cucamonga,United States,34.56N,116.76W,2013
6318059,2012-01-01,5.495,0.432,Reno,United States,39.38N,120.69W,2012
6318071,2013-01-01,2.565,0.536,Reno,United States,39.38N,120.69W,2013
6338312,2012-01-01,10.093,0.38,Rialto,United States,34.56N,116.76W,2012
6338324,2013-01-01,6.757000000000001,0.3979999999999999,Rialto,United States,34.56N,116.76W,2013
6349061,2012-01-01,9.359,0.204,Richardson,United States,32.95N,96.70W,2012
6349073,2013-01-01,8.597999999999999,0.253,Richardson,United States,32.95N,96.70W,2013
6351038,2012-01-01,9.993,0.625,Richmond,United States,37.78N,122.03W,2012
6351050,2013-01-01,8.32,0.278,Richmond,United States,37.78N,122.03W,2013
6354277,2012-01-01,4.87,0.379,Richmond,United States,37.78N,77.29W,2012
6354289,2013-01-01,4.049,0.314,Richmond,United States,37.78N,77.29W,2013
6380520,2012-01-01,10.093,0.38,Riverside,United States,34.56N,116.76W,2012
6380532,2013-01-01,6.757000000000001,0.3979999999999999,Riverside,United States,34.56N,116.76W,2013
6393733,2012-01-01,-1.892,0.415,Rochester,United States,42.59N,78.55W,2012
6393745,2013-01-01,-2.211,0.352,Rochester,United States,42.59N,78.55W,2013
6396972,2012-01-01,-3.686,0.509,Rockford,United States,42.59N,89.45W,2012
6396984,2013-01-01,-5.452000000000001,0.261,Rockford,United States,42.59N,89.45W,2013
6415577,2012-01-01,5.495,0.432,Roseville,United States,39.38N,120.69W,2012
6415589,2013-01-01,2.565,0.536,Roseville,United States,39.38N,120.69W,2013
6508184,2012-01-01,9.993,0.625,Sacramento,United States,37.78N,122.03W,2012
6508196,2013-01-01,8.32,0.278,Sacramento,United States,37.78N,122.03W,2013
6542407,2012-01-01,1.0259999999999998,0.419,Saint Louis,United States,39.38N,89.48W,2012
6542419,2013-01-01,-0.2800000000000002,0.372,Saint Louis,United States,39.38N,89.48W,2013
6545646,2012-01-01,-7.0920000000000005,0.332,Saint Paul,United States,45.81N,93.46W,2012
6545658,2013-01-01,-10.73,0.33,Saint Paul,United States,45.81N,93.46W,2013
6552124,2012-01-01,16.619,0.316,Saint Petersburg,United States,28.13N,82.73W,2012
6552136,2013-01-01,19.375,0.318,Saint Petersburg,United States,28.13N,82.73W,2013
6574688,2012-01-01,4.35,0.451,Salem,United States,44.20N,122.98W,2012
6574700,2013-01-01,2.58,0.5489999999999999,Salem,United States,44.20N,122.98W,2013
6583143,2012-01-01,10.544,0.5710000000000001,Salinas,United States,36.17N,121.33W,2012
6583155,2013-01-01,8.914,0.298,Salinas,United States,36.17N,121.33W,2013
6585446,2012-01-01,0.2149999999999998,0.502,Salt Lake City,United States,40.99N,112.90W,2012
6585458,2013-01-01,-6.577000000000001,2.1180000000000003,Salt Lake City,United States,40.99N,112.90W,2013
6620920,2012-01-01,12.671,0.273,San Antonio,United States,29.74N,97.85W,2012
6620932,2013-01-01,11.667,0.291,San Antonio,United States,29.74N,97.85W,2013
6622897,2012-01-01,10.093,0.38,San Bernardino,United States,34.56N,116.76W,2012
6622909,2013-01-01,6.757000000000001,0.3979999999999999,San Bernardino,United States,34.56N,116.76W,2013
6633230,2012-01-01,15.113,0.665,San Diego,United States,32.95N,117.77W,2012
6633242,2013-01-01,13.404000000000002,0.552,San Diego,United States,32.95N,117.77W,2013
6637232,2012-01-01,9.993,0.625,San Francisco,United States,37.78N,122.03W,2012
6637244,2013-01-01,8.32,0.278,San Francisco,United States,37.78N,122.03W,2013
6643439,2012-01-01,9.993,0.625,San Jose,United States,37.78N,122.03W,2012
6643451,2013-01-01,8.32,0.278,San Jose,United States,37.78N,122.03W,2013
6710936,2012-01-01,15.113,0.665,Santa Ana,United States,32.95N,117.77W,2012
6710948,2013-01-01,13.404000000000002,0.552,Santa Ana,United States,32.95N,117.77W,2013
6717467,2012-01-01,9.993,0.625,Santa Clara,United States,37.78N,122.03W,2012
6717479,2013-01-01,8.32,0.278,Santa Clara,United States,37.78N,122.03W,2013
6719444,2012-01-01,11.581,0.6940000000000001,Santa Clarita,United States,34.56N,118.70W,2012
6719456,2013-01-01,8.812999999999999,0.6509999999999999,Santa Clarita,United States,34.56N,118.70W,2013
6740818,2012-01-01,9.993,0.625,Santa Rosa,United States,37.78N,122.03W,2012
6740830,2013-01-01,8.32,0.278,Santa Rosa,United States,37.78N,122.03W,2013
6818733,2012-01-01,13.395,0.4029999999999999,Savannah,United States,31.35N,81.05W,2012
6818745,2013-01-01,15.317,0.313,Savannah,United States,31.35N,81.05W,2013
6830118,2012-01-01,12.406,0.19,Scottsdale,United States,32.95N,112.02W,2012
6830130,2013-01-01,9.58,0.29,Scottsdale,United States,32.95N,112.02W,2013
6832347,2012-01-01,1.338,0.299,Seattle,United States,47.42N,121.97W,2012
6832359,2013-01-01,0.98,0.309,Seattle,United States,47.42N,121.97W,2013
6979435,2012-01-01,10.127,0.541,Shreveport,United States,32.95N,92.87W,2012
6979447,2013-01-01,8.663,0.313,Shreveport,United States,32.95N,92.87W,2013
7023782,2012-01-01,11.581,0.6940000000000001,Simi Valley,United States,34.56N,118.70W,2012
7023794,2013-01-01,8.812999999999999,0.6509999999999999,Simi Valley,United States,34.56N,118.70W,2013
7037778,2012-01-01,-4.988,0.457,Sioux Falls,United States,44.20N,96.15W,2012
7037790,2013-01-01,-8.664000000000001,0.352,Sioux Falls,United States,44.20N,96.15W,2013
7118641,2012-01-01,-0.9259999999999996,0.288,South Bend,United States,40.99N,85.21W,2012
7118653,2013-01-01,-2.051,0.214,South Bend,United States,40.99N,85.21W,2013
7136952,2012-01-01,-0.7610000000000001,0.599,Spokane,United States,47.42N,117.24W,2012
7136964,2013-01-01,-2.837,0.659,Spokane,United States,47.42N,117.24W,2013
7139097,2012-01-01,8.055,0.53,Spring Valley,United States,36.17N,115.36W,2012
7139109,2013-01-01,5.335,0.291,Spring Valley,United States,36.17N,115.36W,2013
7142164,2012-01-01,3.466,0.386,Springfield,United States,37.78N,93.56W,2012
7142176,2013-01-01,2.125,0.255,Springfield,United States,37.78N,93.56W,2013
7145403,2012-01-01,1.0259999999999998,0.419,Springfield,United States,39.38N,89.48W,2012
7145415,2013-01-01,-0.2800000000000002,0.372,Springfield,United States,39.38N,89.48W,2013
7148642,2012-01-01,-2.645,0.411,Springfield,United States,42.59N,72.00W,2012
7148654,2013-01-01,-4.14,0.355,Springfield,United States,42.59N,72.00W,2013
7158745,2012-01-01,-0.0409999999999999,0.493,Stamford,United States,40.99N,74.56W,2012
7158757,2013-01-01,-0.968,0.29,Stamford,United States,40.99N,74.56W,2013
7174541,2012-01-01,-1.44,0.239,Sterling Heights,United States,42.59N,82.91W,2012
7174553,2013-01-01,-2.7510000000000003,0.258,Sterling Heights,United States,42.59N,82.91W,2013
7185836,2012-01-01,9.993,0.625,Stockton,United States,37.78N,122.03W,2012
7185848,2013-01-01,8.32,0.278,Stockton,United States,37.78N,122.03W,2013
7248005,2012-01-01,9.993,0.625,Sunnyvale,United States,37.78N,122.03W,2012
7248017,2013-01-01,8.32,0.278,Sunnyvale,United States,37.78N,122.03W,2013
7250150,2012-01-01,8.055,0.53,Sunrise Manor,United States,36.17N,115.36W,2012
7250162,2013-01-01,5.335,0.291,Sunrise Manor,United States,36.17N,115.36W,2013
7305923,2012-01-01,-2.007,0.2289999999999999,Syracuse,United States,42.59N,76.36W,2012
7305935,2013-01-01,-2.724,0.252,Syracuse,United States,42.59N,76.36W,2013
7341216,2012-01-01,1.338,0.299,Tacoma,United States,47.42N,121.97W,2012
7341228,2013-01-01,0.98,0.309,Tacoma,United States,47.42N,121.97W,2013
7395504,2012-01-01,14.315,0.1669999999999999,Tallahassee,United States,29.74N,84.92W,2012
7395516,2013-01-01,16.233,0.37,Tallahassee,United States,29.74N,84.92W,2013
7418631,2012-01-01,16.619,0.316,Tampa,United States,28.13N,82.73W,2012
7418643,2013-01-01,19.375,0.318,Tampa,United States,28.13N,82.73W,2013
7534183,2012-01-01,12.406,0.19,Tempe,United States,32.95N,112.02W,2012
7534195,2013-01-01,9.58,0.29,Tempe,United States,32.95N,112.02W,2013
7594371,2012-01-01,0.7640000000000002,0.4589999999999999,Thornton,United States,39.38N,104.05W,2012
7594383,2013-01-01,-2.138,0.305,Thornton,United States,39.38N,104.05W,2013
7596348,2012-01-01,11.581,0.6940000000000001,Thousand Oaks,United States,34.56N,118.70W,2012
7596360,2013-01-01,8.812999999999999,0.6509999999999999,Thousand Oaks,United States,34.56N,118.70W,2013
7666393,2012-01-01,-0.77,0.268,Toledo,United States,40.99N,83.08W,2012
7666405,2013-01-01,-1.714,0.408,Toledo,United States,40.99N,83.08W,2013
7679810,2012-01-01,3.508,0.441,Toms River,United States,39.38N,74.91W,2012
7679822,2013-01-01,2.252,0.196,Toms River,United States,39.38N,74.91W,2013
7701014,2012-01-01,1.7119999999999995,0.347,Topeka,United States,39.38N,95.72W,2012
7701026,2013-01-01,-0.1619999999999999,0.41,Topeka,United States,39.38N,95.72W,2013
7706230,2012-01-01,11.581,0.6940000000000001,Torrance,United States,34.56N,118.70W,2012
7706242,2013-01-01,8.812999999999999,0.6509999999999999,Torrance,United States,34.56N,118.70W,2013
7782448,2012-01-01,11.140999999999998,0.32,Tucson,United States,31.35N,111.20W,2012
7782460,2013-01-01,7.763999999999999,0.409,Tucson,United States,31.35N,111.20W,2013
7794825,2012-01-01,6.082000000000001,0.299,Tulsa,United States,36.17N,95.47W,2012
7794837,2013-01-01,4.408,0.382,Tulsa,United States,36.17N,95.47W,2013
7956220,2012-01-01,9.993,0.625,Vallejo,United States,37.78N,122.03W,2012
7956232,2013-01-01,8.32,0.278,Vallejo,United States,37.78N,122.03W,2013
7967844,2012-01-01,4.391,0.325,Vancouver,United States,45.81N,123.46W,2012
7967856,2013-01-01,3.0860000000000003,0.507,Vancouver,United States,45.81N,123.46W,2013
8071910,2012-01-01,9.07,0.4529999999999999,Virginia Beach,United States,36.17N,75.58W,2012
8071922,2013-01-01,8.081,0.428,Virginia Beach,United States,36.17N,75.58W,2013
8076500,2012-01-01,8.607999999999999,0.669,Visalia,United States,36.17N,119.34W,2012
8076512,2013-01-01,6.501,0.425,Visalia,United States,36.17N,119.34W,2013
8125240,2012-01-01,10.494000000000002,0.228,Waco,United States,31.35N,98.01W,2012
8125252,2013-01-01,9.555,0.301,Waco,United States,31.35N,98.01W,2013
8154481,2012-01-01,-1.44,0.239,Warren,United States,42.59N,82.91W,2012
8154493,2013-01-01,-2.7510000000000003,0.258,Warren,United States,42.59N,82.91W,2013
8165117,2012-01-01,2.382,0.3829999999999999,Washington,United States,39.38N,76.99W,2012
8165129,2013-01-01,1.842,0.181,Washington,United States,39.38N,76.99W,2013
8168356,2012-01-01,2.603,0.409,Waterbury,United States,40.99N,72.43W,2012
8168368,2013-01-01,0.939,0.153,Waterbury,United States,40.99N,72.43W,2013
8201047,2012-01-01,11.581,0.6940000000000001,West Covina,United States,34.56N,118.70W,2012
8201059,2013-01-01,8.812999999999999,0.6509999999999999,West Covina,United States,34.56N,118.70W,2013
8203350,2012-01-01,0.2149999999999998,0.502,West Jordan,United States,40.99N,112.90W,2012
8203362,2013-01-01,-6.577000000000001,2.1180000000000003,West Jordan,United States,40.99N,112.90W,2013
8205653,2012-01-01,0.2149999999999998,0.502,West Valley City,United States,40.99N,112.90W,2012
8205665,2013-01-01,-6.577000000000001,2.1180000000000003,West Valley City,United States,40.99N,112.90W,2013
8208515,2012-01-01,0.7640000000000002,0.4589999999999999,Westminster,United States,39.38N,104.05W,2012
8208527,2013-01-01,-2.138,0.305,Westminster,United States,39.38N,104.05W,2013
8213337,2012-01-01,3.176,0.3,Wichita,United States,37.78N,97.63W,2012
8213349,2013-01-01,1.628,0.27,Wichita,United States,37.78N,97.63W,2013
8215662,2012-01-01,6.997999999999999,0.3989999999999999,Wichita Falls,United States,34.56N,99.24W,2012
8215674,2013-01-01,5.317,0.248,Wichita Falls,United States,34.56N,99.24W,2013
8224021,2012-01-01,-1.44,0.239,Windsor,United States,42.59N,82.91W,2012
8224033,2013-01-01,-2.7510000000000003,0.258,Windsor,United States,42.59N,82.91W,2013
8230201,2012-01-01,5.916,0.414,Winston Salem,United States,36.17N,79.56W,2012
8230213,2013-01-01,5.791,0.3339999999999999,Winston Salem,United States,36.17N,79.56W,2013
8255470,2012-01-01,-2.645,0.411,Worcester,United States,42.59N,72.00W,2012
8255482,2013-01-01,-4.14,0.355,Worcester,United States,42.59N,72.00W,2013
8439226,2012-01-01,-0.0409999999999999,0.493,Yonkers,United States,40.99N,74.56W,2012
8439238,2013-01-01,-0.968,0.29,Yonkers,United States,40.99N,74.56W,2013
